{
  "hash": "7a190874",
  "configHash": "7706d946",
  "lockfileHash": "f47d29c8",
  "browserHash": "a9328ac7",
  "optimized": {
    "@angular/cdk/layout": {
      "src": "../../../../../node_modules/@angular/cdk/fesm2022/layout.mjs",
      "file": "@angular_cdk_layout.js",
      "fileHash": "f1ddac43",
      "needsInterop": false
    },
    "@angular/common": {
      "src": "../../../../../node_modules/@angular/common/fesm2022/common.mjs",
      "file": "@angular_common.js",
      "fileHash": "d4ef7dba",
      "needsInterop": false
    },
    "@angular/core": {
      "src": "../../../../../node_modules/@angular/core/fesm2022/core.mjs",
      "file": "@angular_core.js",
      "fileHash": "3d65b669",
      "needsInterop": false
    },
    "@angular/material/button": {
      "src": "../../../../../node_modules/@angular/material/fesm2022/button.mjs",
      "file": "@angular_material_button.js",
      "fileHash": "56b5df8a",
      "needsInterop": false
    },
    "@angular/material/icon": {
      "src": "../../../../../node_modules/@angular/material/fesm2022/icon.mjs",
      "file": "@angular_material_icon.js",
      "fileHash": "2692bef7",
      "needsInterop": false
    },
    "@angular/material/list": {
      "src": "../../../../../node_modules/@angular/material/fesm2022/list.mjs",
      "file": "@angular_material_list.js",
      "fileHash": "5102f635",
      "needsInterop": false
    },
    "@angular/material/sidenav": {
      "src": "../../../../../node_modules/@angular/material/fesm2022/sidenav.mjs",
      "file": "@angular_material_sidenav.js",
      "fileHash": "043bd9b1",
      "needsInterop": false
    },
    "@angular/material/tabs": {
      "src": "../../../../../node_modules/@angular/material/fesm2022/tabs.mjs",
      "file": "@angular_material_tabs.js",
      "fileHash": "057043ae",
      "needsInterop": false
    },
    "@angular/material/toolbar": {
      "src": "../../../../../node_modules/@angular/material/fesm2022/toolbar.mjs",
      "file": "@angular_material_toolbar.js",
      "fileHash": "baf83158",
      "needsInterop": false
    },
    "@angular/platform-browser": {
      "src": "../../../../../node_modules/@angular/platform-browser/fesm2022/platform-browser.mjs",
      "file": "@angular_platform-browser.js",
      "fileHash": "685538c7",
      "needsInterop": false
    },
    "@angular/platform-browser/animations/async": {
      "src": "../../../../../node_modules/@angular/platform-browser/fesm2022/animations/async.mjs",
      "file": "@angular_platform-browser_animations_async.js",
      "fileHash": "759edf4e",
      "needsInterop": false
    },
    "@angular/router": {
      "src": "../../../../../node_modules/@angular/router/fesm2022/router.mjs",
      "file": "@angular_router.js",
      "fileHash": "9ef44b1e",
      "needsInterop": false
    },
    "rxjs/operators": {
      "src": "../../../../../node_modules/rxjs/dist/esm5/operators/index.js",
      "file": "rxjs_operators.js",
      "fileHash": "b822e2a1",
      "needsInterop": false
    }
  },
  "chunks": {
    "browser-METIGAFV": {
      "file": "browser-METIGAFV.js"
    },
    "chunk-CB3OIY52": {
      "file": "chunk-CB3OIY52.js"
    },
    "chunk-KL2IF35E": {
      "file": "chunk-KL2IF35E.js"
    },
    "chunk-XEFVKIFZ": {
      "file": "chunk-XEFVKIFZ.js"
    },
    "chunk-LXDDFWSB": {
      "file": "chunk-LXDDFWSB.js"
    },
    "chunk-2W645GTK": {
      "file": "chunk-2W645GTK.js"
    },
    "chunk-MNRT2GSE": {
      "file": "chunk-MNRT2GSE.js"
    },
    "chunk-4BLODCOO": {
      "file": "chunk-4BLODCOO.js"
    },
    "chunk-W5HNGRYJ": {
      "file": "chunk-W5HNGRYJ.js"
    },
    "chunk-MAENTQAE": {
      "file": "chunk-MAENTQAE.js"
    }
  }
}